contexte_gauche	motif_trouve	contexte_droit
ised, with minimum cost (effort) for an 	attack	er, in order to disrupt the operation of
 threat actors. Prominent cybersecurity 	attack	s on CPS have brought attention to the v
modelling, encompassing both threat and 	attack	 modelling. While these terms are someti
s on the differences between threat and 	attack	 modelling, examining their implications
se focused on threat modelling methods, 	attack	 modelling methods, and literature revie
 cybersecurity threats and CPS-specific 	attack	er capabilities throughout the life cycl
cteristics of real-world cyber-physical 	attack	s. Quantum computing is a cutting-edge f
ve become an appealing target for cyber 	attack	s, having massive destructive consequenc
al components, with minimal cost for an 	attack	er, such that if compromised, the system
performance under the denial-of-service 	attack	. We also present a design and implement
ators of compromise for energy-targeted 	attack	s. This analysis yields new insights, pr
 motivated the development of different 	attack	 detection mechanisms, such as those tha
that they could detect some examples of 	attack	s on the testbed with high accuracy and 
 of cybercriminals. For example, a cyber	attack	 on one shipping company resulted in nea
required to respond to high-tempo cyber-	attack	s. To facilitate the research in this ch
 Blue agent to defend a network from an 	attack	ing Red agent. We provide a detailed des
 way to respond to infections and other 	attack	s, so too must cyber systems adapt to ev
 ever-changing threats that continue to 	attack	 vital system functions, and to bounce b
 to bounce back from the effects of the 	attack	s. Here, we explain the basic concepts o
